[
  {
    "value": "Milton",
    "synonyms": [
      "Milton"
    ]
  },
  {
    "value": "Burlington",
    "synonyms": [
      "Burlington"
    ]
  },
  {
    "value": "Oakville",
    "synonyms": [
      "Oakville"
    ]
  },
  {
    "value": "Brampton",
    "synonyms": [
      "Brampton"
    ]
  },
  {
    "value": "Georgetown",
    "synonyms": [
      "Georgetown"
    ]
  },
  {
    "value": "Guelph",
    "synonyms": [
      "Guelph"
    ]
  },
  {
    "value": "Mississauga",
    "synonyms": [
      "Mississauga"
    ]
  },
  {
    "value": "Caledon",
    "synonyms": [
      "Caledon"
    ]
  },
  {
    "value": "Scarborough",
    "synonyms": [
      "Scarborough"
    ]
  },
  {
    "value": "Etobicoke",
    "synonyms": [
      "Etobicoke"
    ]
  },
  {
    "value": "North York",
    "synonyms": [
      "North York"
    ]
  },
  {
    "value": "Markham",
    "synonyms": [
      "Markham"
    ]
  },
  {
    "value": "NewMarket",
    "synonyms": [
      "NewMarket",
      "New Market"
    ]
  },
  {
    "value": "Richmond Hill",
    "synonyms": [
      "Richmond Hill"
    ]
  },
  {
    "value": "Vaughan",
    "synonyms": [
      "Vaughan"
    ]
  },
  {
    "value": "Oshawa",
    "synonyms": [
      "Oshawa"
    ]
  },
  {
    "value": "Whitby",
    "synonyms": [
      "Whitby"
    ]
  },
  {
    "value": "Clarington",
    "synonyms": [
      "Clarington"
    ]
  },
  {
    "value": "Courtice",
    "synonyms": [
      "Courtice"
    ]
  },
  {
    "value": "Ajax",
    "synonyms": [
      "Ajax"
    ]
  },
  {
    "value": "Cobourg",
    "synonyms": [
      "Cobourg"
    ]
  },
  {
    "value": "Port Hope",
    "synonyms": [
      "Port Hope"
    ]
  }
]