[
  {
    "value": "1",
    "synonyms": [
      "1",
      "1 bedroom",
      "1 bed"
    ]
  },
  {
    "value": "2",
    "synonyms": [
      "2",
      "2 bedrooms",
      "2 bed"
    ]
  },
  {
    "value": "3",
    "synonyms": [
      "3",
      "3 bedrooms",
      "3 beds"
    ]
  },
  {
    "value": "4",
    "synonyms": [
      "4",
      "4 bedrooms",
      "4 beds"
    ]
  },
  {
    "value": "5",
    "synonyms": [
      "5 bedrooms",
      "5",
      "5 beds"
    ]
  },
  {
    "value": "6",
    "synonyms": [
      "6",
      "6 bedrooms",
      "6 beds"
    ]
  }
]