[
  {
    "value": "Abeja District",
    "synonyms": [
      "Abeja District",
      "Abeja"
    ]
  },
  {
    "value": "Lifehaus",
    "synonyms": [
      "Lifehaus"
    ]
  },
  {
    "value": "Festival Tower",
    "synonyms": [
      "Festival Tower"
    ]
  },
  {
    "value": "Liberty Market",
    "synonyms": [
      "Liberty Market"
    ]
  },
  {
    "value": "XO Condos",
    "synonyms": [
      "XO Condos"
    ]
  },
  {
    "value": "Panda Condos",
    "synonyms": [
      "Panda Condos"
    ]
  },
  {
    "value": "Whitehouse",
    "synonyms": [
      "Whitehouse"
    ]
  },
  {
    "value": "181 East",
    "synonyms": [
      "181 East"
    ]
  }
]