[
  {
    "id": "e8814d4c-863d-4ab9-9543-5ee245c83108",
    "data": [
      {
        "text": "When is completion date for ",
        "userDefined": false
      },
      {
        "text": "abeja district",
        "meta": "@ProjectName",
        "alias": "projectname",
        "userDefined": false
      }
    ],
    "isTemplate": false,
    "count": 0,
    "lang": "en",
    "updated": 0
  },
  {
    "id": "af264e99-efcd-4e41-85cb-9f0724e529d5",
    "data": [
      {
        "text": "When does ",
        "userDefined": false
      },
      {
        "text": "abeja district",
        "meta": "@ProjectName",
        "alias": "projectname",
        "userDefined": false
      },
      {
        "text": " project complete",
        "userDefined": false
      }
    ],
    "isTemplate": false,
    "count": 0,
    "lang": "en",
    "updated": 0
  },
  {
    "id": "dc0d990f-0c18-4af6-b80c-a66b2f091263",
    "data": [
      {
        "text": "when is it going to be ",
        "userDefined": false
      },
      {
        "text": "done",
        "meta": "@sys.ignore",
        "userDefined": false
      },
      {
        "text": "?",
        "userDefined": false
      }
    ],
    "isTemplate": false,
    "count": 0,
    "lang": "en",
    "updated": 0
  },
  {
    "id": "745b3b87-e39c-49ff-b27b-fabdb0a877ca",
    "data": [
      {
        "text": "when ",
        "userDefined": false
      },
      {
        "text": "will",
        "meta": "@sys.ignore",
        "userDefined": false
      },
      {
        "text": " the ",
        "userDefined": false
      },
      {
        "text": "new",
        "meta": "@sys.ignore",
        "userDefined": false
      },
      {
        "text": " project be ",
        "userDefined": false
      },
      {
        "text": "done",
        "meta": "@sys.ignore",
        "userDefined": false
      }
    ],
    "isTemplate": false,
    "count": 0,
    "lang": "en",
    "updated": 0
  },
  {
    "id": "5110182e-c7d4-410e-936a-9ade162f7c61",
    "data": [
      {
        "text": "when is ",
        "userDefined": false
      },
      {
        "text": "Festival Tower",
        "meta": "@ProjectName",
        "alias": "projectname",
        "userDefined": false
      },
      {
        "text": " going to be complete",
        "userDefined": false
      }
    ],
    "isTemplate": false,
    "count": 0,
    "lang": "en",
    "updated": 0
  },
  {
    "id": "80f0be61-c428-4920-9718-24fa6cd111fc",
    "data": [
      {
        "text": "when ",
        "userDefined": false
      },
      {
        "text": "will",
        "meta": "@sys.ignore",
        "userDefined": false
      },
      {
        "text": " ",
        "userDefined": false
      },
      {
        "text": "Abeja District",
        "meta": "@ProjectName",
        "alias": "projectname",
        "userDefined": false
      },
      {
        "text": " be completed",
        "userDefined": false
      }
    ],
    "isTemplate": false,
    "count": 0,
    "lang": "en",
    "updated": 0
  }
]