[
  {
    "id": "0575545b-cb84-4942-9515-718c7034eab9",
    "data": [
      {
        "text": "How many ",
        "userDefined": false
      },
      {
        "text": "Homes",
        "meta": "@PropertyType",
        "alias": "PropertyType",
        "userDefined": true
      },
      {
        "text": " sold in ",
        "userDefined": false
      },
      {
        "text": "Ajax",
        "meta": "@sys.geo-city",
        "alias": "geo-city",
        "userDefined": true
      },
      {
        "text": " in ",
        "userDefined": false
      },
      {
        "text": "September",
        "meta": "@sys.date-time",
        "alias": "date-time",
        "userDefined": false
      },
      {
        "text": "?",
        "userDefined": false
      }
    ],
    "isTemplate": false,
    "count": 0,
    "lang": "en",
    "updated": 0
  }
]