[
  {
    "id": "88576b92-82e5-4725-99bf-5be96aa6321b",
    "data": [
      {
        "text": "Thank u",
        "userDefined": false
      }
    ],
    "isTemplate": false,
    "count": 0,
    "lang": "en",
    "updated": 0
  },
  {
    "id": "04138a48-a054-4045-970e-93c0edb9faa8",
    "data": [
      {
        "text": "Thanks",
        "userDefined": false
      }
    ],
    "isTemplate": false,
    "count": 0,
    "lang": "en",
    "updated": 0
  },
  {
    "id": "e5c86031-9c1a-4154-84f9-8d3e1017ea74",
    "data": [
      {
        "text": "Thanks!!!!",
        "userDefined": false
      }
    ],
    "isTemplate": false,
    "count": 0,
    "lang": "en",
    "updated": 0
  },
  {
    "id": "9fad1784-ba8a-492a-bcc0-2711594c32c3",
    "data": [
      {
        "text": "Okay thank you",
        "userDefined": false
      }
    ],
    "isTemplate": false,
    "count": 0,
    "lang": "en",
    "updated": 0
  },
  {
    "id": "756d0e27-805a-4367-881a-82bf3a93646b",
    "data": [
      {
        "text": "Awesome thank you!!",
        "userDefined": false
      }
    ],
    "isTemplate": false,
    "count": 0,
    "lang": "en",
    "updated": 0
  },
  {
    "id": "80806e66-88a8-4233-a2c2-efdc122eb79e",
    "data": [
      {
        "text": "Thank you have a great day!!",
        "userDefined": false
      }
    ],
    "isTemplate": false,
    "count": 0,
    "lang": "en",
    "updated": 0
  },
  {
    "id": "c55c3ef6-6964-428d-ae8b-7e42f5c98481",
    "data": [
      {
        "text": "Nothing thank you",
        "userDefined": false
      }
    ],
    "isTemplate": false,
    "count": 0,
    "lang": "en",
    "updated": 0
  },
  {
    "id": "ce2f6dd7-50a5-416e-8d20-648c44e97219",
    "data": [
      {
        "text": "Thanks.",
        "userDefined": false
      }
    ],
    "isTemplate": false,
    "count": 0,
    "lang": "en",
    "updated": 0
  },
  {
    "id": "7d67df38-ed1e-4725-8d1e-29a6775bd253",
    "data": [
      {
        "text": "Okay, thank you so much",
        "userDefined": false
      }
    ],
    "isTemplate": false,
    "count": 0,
    "lang": "en",
    "updated": 0
  },
  {
    "id": "255f3729-36fa-455a-ae70-a36841f547be",
    "data": [
      {
        "text": "Alright. Well thanks for your help I will keep looking!",
        "userDefined": false
      }
    ],
    "isTemplate": false,
    "count": 0,
    "lang": "en",
    "updated": 0
  },
  {
    "id": "81d5556b-c212-41ce-9ab5-b946df28a168",
    "data": [
      {
        "text": "Perfect thank u",
        "userDefined": false
      }
    ],
    "isTemplate": false,
    "count": 1,
    "lang": "en",
    "updated": 0
  },
  {
    "id": "1414ab4a-5a3d-481d-94ff-3b7caead8319",
    "data": [
      {
        "text": "Thank you",
        "userDefined": false
      }
    ],
    "isTemplate": false,
    "count": 0,
    "lang": "en",
    "updated": 0
  },
  {
    "id": "665f6598-c650-4e27-901f-b8756f801584",
    "data": [
      {
        "text": "thanks",
        "userDefined": false
      }
    ],
    "isTemplate": false,
    "count": 0,
    "lang": "en",
    "updated": 0
  },
  {
    "id": "518d7980-67b4-4198-a6a0-0dc63b99c918",
    "data": [
      {
        "text": "sharp",
        "userDefined": false
      }
    ],
    "isTemplate": false,
    "count": 0,
    "lang": "en",
    "updated": 0
  },
  {
    "id": "2ee9c420-cdbc-4647-8529-db1db56e7a3f",
    "data": [
      {
        "text": "fine",
        "userDefined": false
      }
    ],
    "isTemplate": false,
    "count": 0,
    "lang": "en",
    "updated": 0
  },
  {
    "id": "6daee454-a770-4ade-a20e-294d350beb58",
    "data": [
      {
        "text": "cool",
        "userDefined": false
      }
    ],
    "isTemplate": false,
    "count": 0,
    "lang": "en",
    "updated": 0
  },
  {
    "id": "cc73284c-589b-4629-b479-d31180c21895",
    "data": [
      {
        "text": "thank you",
        "userDefined": false
      }
    ],
    "isTemplate": false,
    "count": 0,
    "lang": "en",
    "updated": 0
  },
  {
    "id": "896c51e7-d22a-417d-abc7-91d6ca5ed633",
    "data": [
      {
        "text": "okay. thanks",
        "userDefined": false
      }
    ],
    "isTemplate": false,
    "count": 0,
    "lang": "en",
    "updated": 0
  }
]