[
  {
    "id": "c0b54cd5-1f6b-48a3-ba7b-075458739676",
    "data": [
      {
        "text": "400-500k",
        "meta": "@sys.unit-currency",
        "alias": "unit-currency",
        "userDefined": true
      },
      {
        "text": " \n",
        "userDefined": false
      },
      {
        "text": "3 bedroom",
        "meta": "@bedrooms",
        "alias": "bedrooms",
        "userDefined": true
      },
      {
        "text": " ",
        "userDefined": false
      }
    ],
    "isTemplate": false,
    "count": 0,
    "lang": "en",
    "updated": 0
  }
]