[
  {
    "id": "82321e59-dd8b-41a9-874d-3310a61fb666",
    "data": [
      {
        "text": "That\u0027s Rabia",
        "userDefined": false
      }
    ],
    "isTemplate": false,
    "count": 0,
    "lang": "en",
    "updated": 0
  },
  {
    "id": "2030030c-51dc-483c-9eff-2c13c5c7f510",
    "data": [
      {
        "text": "No",
        "userDefined": false
      }
    ],
    "isTemplate": false,
    "count": 1,
    "lang": "en",
    "updated": 0
  },
  {
    "id": "930c4fd1-e6ac-408e-b988-7cfcfefecb30",
    "data": [
      {
        "text": "Hi, wrong number, sorry",
        "userDefined": false
      }
    ],
    "isTemplate": false,
    "count": 0,
    "lang": "en",
    "updated": 0
  },
  {
    "id": "b1d020ed-350d-4e93-b568-f95875057086",
    "data": [
      {
        "text": "There\u0027s no cleo here",
        "userDefined": false
      }
    ],
    "isTemplate": false,
    "count": 0,
    "lang": "en",
    "updated": 0
  },
  {
    "id": "a85fd038-554b-476e-95d2-0995a63fbdeb",
    "data": [
      {
        "text": "No, this is not Lisa☺. Have a blessed day☺",
        "userDefined": false
      }
    ],
    "isTemplate": false,
    "count": 0,
    "lang": "en",
    "updated": 0
  },
  {
    "id": "6d3a0e73-e36f-48b0-a03f-08896f877e02",
    "data": [
      {
        "text": "It\u0027s Jasica",
        "userDefined": false
      }
    ],
    "isTemplate": false,
    "count": 0,
    "lang": "en",
    "updated": 0
  },
  {
    "id": "2c5fa885-be8d-4103-afba-8a856887bf32",
    "data": [
      {
        "text": "No, I think you have the wrong number",
        "userDefined": false
      }
    ],
    "isTemplate": false,
    "count": 0,
    "lang": "en",
    "updated": 0
  },
  {
    "id": "999202cb-fc58-4bf6-aae5-16e31bfb67bb",
    "data": [
      {
        "text": "sorry no it\u0027s not",
        "userDefined": false
      }
    ],
    "isTemplate": false,
    "count": 0,
    "lang": "en",
    "updated": 0
  },
  {
    "id": "56de89b6-55b8-4ae0-a0c5-db89992713aa",
    "data": [
      {
        "text": "sorry no",
        "userDefined": false
      }
    ],
    "isTemplate": false,
    "count": 0,
    "lang": "en",
    "updated": 0
  },
  {
    "id": "d23535c6-c7bf-4daf-b69d-ca9b43eb6236",
    "data": [
      {
        "text": "naw",
        "userDefined": false
      }
    ],
    "isTemplate": false,
    "count": 0,
    "lang": "en",
    "updated": 0
  },
  {
    "id": "63c16a6c-8624-4851-ab84-33b73e418451",
    "data": [
      {
        "text": "nah",
        "userDefined": false
      }
    ],
    "isTemplate": false,
    "count": 0,
    "lang": "en",
    "updated": 0
  },
  {
    "id": "c13c6faf-bbfb-42eb-b02e-6607007447c8",
    "data": [
      {
        "text": "not me",
        "userDefined": false
      }
    ],
    "isTemplate": false,
    "count": 0,
    "lang": "en",
    "updated": 0
  },
  {
    "id": "8f7321df-fce6-4b47-a9c8-4f729fd5dad7",
    "data": [
      {
        "text": "not correct",
        "userDefined": false
      }
    ],
    "isTemplate": false,
    "count": 0,
    "lang": "en",
    "updated": 0
  },
  {
    "id": "54c63623-6841-4fcc-bd2c-5718633b4d4c",
    "data": [
      {
        "text": "incorrect",
        "userDefined": false
      }
    ],
    "isTemplate": false,
    "count": 0,
    "lang": "en",
    "updated": 0
  },
  {
    "id": "671af5cc-4f3f-442f-b5cf-343c99f63412",
    "data": [
      {
        "text": "nope",
        "userDefined": false
      }
    ],
    "isTemplate": false,
    "count": 0,
    "lang": "en",
    "updated": 0
  },
  {
    "id": "5d1e8624-9fb6-47fa-a87f-3375c47e22a3",
    "data": [
      {
        "text": "wrong number",
        "userDefined": false
      }
    ],
    "isTemplate": false,
    "count": 0,
    "lang": "en",
    "updated": 0
  },
  {
    "id": "48bf4a02-9413-475e-a4b8-92777458de7f",
    "data": [
      {
        "text": "wrong",
        "userDefined": false
      }
    ],
    "isTemplate": false,
    "count": 0,
    "lang": "en",
    "updated": 0
  },
  {
    "id": "4167afc7-c611-4b68-9293-0cdffb71eec3",
    "data": [
      {
        "text": "no sorry",
        "userDefined": false
      }
    ],
    "isTemplate": false,
    "count": 0,
    "lang": "en",
    "updated": 0
  },
  {
    "id": "97472fe2-7341-4788-bd14-045b954d7a7c",
    "data": [
      {
        "text": "wrong name",
        "userDefined": false
      }
    ],
    "isTemplate": false,
    "count": 0,
    "lang": "en",
    "updated": 0
  },
  {
    "id": "153c7c85-cdcd-4b2d-9f97-fd045bc993c6",
    "data": [
      {
        "text": "no it isn\u0027t",
        "userDefined": false
      }
    ],
    "isTemplate": false,
    "count": 0,
    "lang": "en",
    "updated": 0
  },
  {
    "id": "0e6ef609-f6f2-4b95-9149-f02b06463c90",
    "data": [
      {
        "text": "No it isnt",
        "userDefined": false
      }
    ],
    "isTemplate": false,
    "count": 0,
    "lang": "en",
    "updated": 0
  }
]